{
  "model": "Qwen/Qwen2.5-3B-Instruct",
  "prune_sparsity": 0.1,
  "n_perplexity": 500,
  "n_f1": 200,
  "dense": {
    "perplexity": 1.7254177775944626,
    "nll": 0.5454692110699146,
    "f1": 0.6144,
    "precision": 0.7470817120622568,
    "recall": 0.5217391304347826
  },
  "student_taylor10": {
    "perplexity": 2.2892276182878875,
    "nll": 0.8282144760824655,
    "f1": 0.3830409356725147,
    "precision": 0.41455696202531644,
    "recall": 0.35597826086956524
  },
  "gap": {
    "perplexity": 0.5638098406934249,
    "f1": 0.23135906432748526
  }
}