{
  "model": "Qwen/Qwen2.5-3B-Instruct",
  "prune_sparsity": 0.2,
  "distill": {
    "alpha": 0.5,
    "T": 2.0,
    "epochs": 3,
    "lr": 0.0001
  },
  "dense": {
    "perplexity": 1.7254177775944626,
    "f1": 0.6144
  },
  "pre_distillation": {
    "perplexity": 5.788665991045695,
    "nll": 1.7559018662558998,
    "f1": 0.0970873786407767,
    "p": 0.09925558312655088,
    "r": 0.09501187648456057
  },
  "post_distillation": {
    "perplexity": 1.405850627405284,
    "nll": 0.34064254834586616,
    "f1": 0.42338072669826227,
    "p": 0.6320754716981132,
    "r": 0.3182897862232779
  },
  "recovery_pct": {
    "perplexity": 107.86481980429508,
    "f1": 63.07469305507368
  }
}